id;file_name;file_name_content_type;type
1;../data/blob/hipster.png;image/png;APPPORTFOLIO
2;../data/blob/hipster.png;image/png;BIZVIEW
3;../data/blob/hipster.png;image/png;APPPORTFOLIO
4;../data/blob/hipster.png;image/png;APPPORTFOLIO
5;../data/blob/hipster.png;image/png;APPPORTFOLIO
6;../data/blob/hipster.png;image/png;BIZVIEW
7;../data/blob/hipster.png;image/png;TECHNICALVIEW
8;../data/blob/hipster.png;image/png;BIZVIEW
9;../data/blob/hipster.png;image/png;APPPORTFOLIO
10;../data/blob/hipster.png;image/png;APPPORTFOLIO
