id;name;type;reporting_tool
1;Solomon Islands Dollar;Personal Loan Account HTTP;schemas Specialist China
2;quantify multi-byte;interface Cotton Robust;user-centric Infrastructure
3;Managed Dobra application;Fantastic;Liechtenstein Buckinghamshire monetize
4;Direct;Small Frozen Salad bypassing;time-frame Quality
5;Borders Borders Practical;methodical;Pakistan
6;parse;neural Wooden Optimization;Tasty Rubber Car mindshare EXE
7;bandwidth Liaison;program Auto Loan Account Refined;infomediaries
8;Fantastic Fresh Salad;Steel Avon Visionary;exploit transition
9;User-centric Principal Pennsylvania;repurpose Sleek;mesh system Triple-buffered
10;Cotton;Advanced grow;Handmade Wooden Cheese Fresh
